INSERT INTO LAB3PN_USERS(CUSTOMER_ID, USERNAME, PASSWORD, AUTHORITY, ENABLED)
VALUES(1, 'nikita', '{bcrypt}$2a$10$5689VtIuGDDpg8Rc982K.OxF9MLA0lIbWriHjEaMwq33UdKM19XmS', 'ROLE_GUEST', 1);
INSERT INTO LAB3PN_USERS(CUSTOMER_ID, USERNAME, PASSWORD, AUTHORITY,  ENABLED)
VALUES(2, 'mark', '{bcrypt}$2a$10$/EQwbkboJM/csoA1CXzzU.YN5YGuFkf6vYjkpYkWyxwyy3Mpq3nD2', 'ROLE_CUSTOMER', 1);
INSERT INTO LAB3PN_USERS(CUSTOMER_ID, USERNAME, PASSWORD, AUTHORITY, ENABLED)
VALUES(3, 'john', '{bcrypt}$2a$10$TuMOe7hbdEKbK1UL6cPtfuhe0cw8v8Oesh3pBbTU273gyQXBm4Jpi', 'ROLE_CUSTOMER',  1);
INSERT INTO LAB3PN_USERS(CUSTOMER_ID, USERNAME, PASSWORD, AUTHORITY, ENABLED)
VALUES(4, 'nataly', '{bcrypt}$2a$10$ebuyTlzdC2M806mHBDRS7e6LNRMjIEu1CPARAJAzucbiGhAWd.QN2', 'ROLE_ADMIN', 1);

-- insert values to tables
INSERT INTO LAB3PN_PLANE(PLANE_ID, PLANE_NAME, PLANE_TYPE)
VALUES (1, 'Airbus', 'A350');
INSERT INTO LAB3PN_AIRPORT(AIRPORT_ID, AIRPORT_NAME, LOCATION)
VALUES (1, 'San Francisco International Airport', 'California');
INSERT INTO LAB3PN_FLIGHT(FLIGHT_ID, FLIGHT_NAME, FLIGHT_TIME, PLANE_ID, AIRPORT_ID)
VALUES(1, 'Kyiv -> New York', '23/07/2020 01:24', 1, 1);
INSERT INTO LAB3PN_PLANE(PLANE_ID, PLANE_NAME, PLANE_TYPE)
VALUES (2, 'Airbus', 'A220');
INSERT INTO LAB3PN_AIRPORT(AIRPORT_ID, AIRPORT_NAME, LOCATION)
VALUES (2, 'Dallas/Fort Worth International Airport', 'Texas');
INSERT INTO LAB3PN_FLIGHT(FLIGHT_ID, FLIGHT_NAME, FLIGHT_TIME, PLANE_ID, AIRPORT_ID)
VALUES(2, 'Kyiv -> Miami', '03/08/2020 12:04', 2, 2);
INSERT INTO LAB3PN_PLANE(PLANE_ID, PLANE_NAME, PLANE_TYPE)
VALUES (3, 'Boeing', '767');
INSERT INTO LAB3PN_AIRPORT(AIRPORT_ID, AIRPORT_NAME, LOCATION)
VALUES (3, 'Boryspil International Airport', 'Kiev');
INSERT INTO LAB3PN_FLIGHT(FLIGHT_ID, FLIGHT_NAME, FLIGHT_TIME, PLANE_ID, AIRPORT_ID)
VALUES(3, 'Kyiv -> New York', '07/08/2020 12:25', 3, 3);
INSERT INTO LAB3PN_PLANE(PLANE_ID, PLANE_NAME, PLANE_TYPE)
VALUES (4, 'Airbus', 'A320neo');
INSERT INTO LAB3PN_AIRPORT(AIRPORT_ID, AIRPORT_NAME, LOCATION)
VALUES (4, 'Kyiv International Airport (Zhuliany)', 'Kiev');
INSERT INTO LAB3PN_FLIGHT(FLIGHT_ID, FLIGHT_NAME, FLIGHT_TIME, PLANE_ID, AIRPORT_ID)
VALUES(4, 'Kyiv -> Los Angeles', '26/08/2020 12:47', 4, 4);


INSERT INTO LAB3PN_CUSTOMER_ORDER(CUSTOMER_ORDER_ID, CUSTOMER_ID, ORDER_TIME, PRICE, DISCOUNT, FINAL_PRICE)
VALUES(1, 2, TO_DATE('2019/01/17', 'YYYY/MM/DD'), 1234.56, 4.75, 1229.81);
INSERT INTO LAB3PN_CUSTOMER_ORDER(CUSTOMER_ORDER_ID, CUSTOMER_ID, ORDER_TIME, PRICE, DISCOUNT, FINAL_PRICE)
VALUES(2, 2, TO_DATE('2019/05/26', 'YYYY/MM/DD'), 2397.69, 22.72, 2374.97);
INSERT INTO LAB3PN_CUSTOMER_ORDER(CUSTOMER_ORDER_ID, CUSTOMER_ID, ORDER_TIME, PRICE, DISCOUNT, FINAL_PRICE)
VALUES(3, 3, TO_DATE('2019/09/29', 'YYYY/MM/DD'), 9589.24, 24.43, 9564.81);


INSERT INTO LAB3PN_TICKET(TICKET_ID, SERIAL_NUMBER, FLIGHT_ID, DESCRIPTION, FLIGHT_DATE, ARRIVAL_DATE, PRICE)
VALUES (1, 'CPX0DD75TR', 1, 'Fast Flight From Ukraine to USA but not cheap', '3/08/2020 15:00:00',
        '5/08/2020 6:30:00',
        8221.00);
INSERT INTO LAB3PN_TICKET(TICKET_ID, SERIAL_NUMBER, FLIGHT_ID, DESCRIPTION, FLIGHT_DATE, ARRIVAL_DATE, PRICE)
VALUES (2, '2MCTJ3O3Y5', 1, 'Comfortable Flight From Ukraine to USA for holidays', '25/11/2020 12:20:00',
        '28/11/2020 04:34:00',
        4231.00);
INSERT INTO LAB3PN_TICKET(TICKET_ID, SERIAL_NUMBER, FLIGHT_ID, DESCRIPTION, FLIGHT_DATE, ARRIVAL_DATE, PRICE)
VALUES (3, '2QCMGBM05B', 4, 'The best cheap price for your round-trip, one-way, or last-minute flight to Las Vegas',
'11/10/2020 12:00:00', '12/10/2020 04:39:00', 1200.00);
INSERT INTO LAB3PN_TICKET(TICKET_ID, SERIAL_NUMBER, FLIGHT_ID, DESCRIPTION, FLIGHT_DATE, ARRIVAL_DATE, PRICE)
VALUES (4, 'J6TEAX9KSP', 2, 'Looking for cheap flights to Miami (MIA)?',
'21/08/2020 02:00:00', '21/08/2020 14:00:00', 292.00);
INSERT INTO LAB3PN_TICKET(TICKET_ID, SERIAL_NUMBER, FLIGHT_ID, DESCRIPTION, FLIGHT_DATE, ARRIVAL_DATE, PRICE)
VALUES (5, 'Y7IS43YT0C', 3, 'Cheap flights to New York from $275',
'30/07/2020 02:00:00', '30/07/2020 14:00:00', 137.00);

INSERT INTO LAB3PN_ORDER_TICKET(ORDER_ID, CUSTOMER_ORDER_ID, TICKET_ID)
VALUES (1, 1, 4);
INSERT INTO LAB3PN_ORDER_TICKET(ORDER_ID, CUSTOMER_ORDER_ID, TICKET_ID)
VALUES (2, 1, 3);
INSERT INTO LAB3PN_ORDER_TICKET(ORDER_ID, CUSTOMER_ORDER_ID, TICKET_ID)
VALUES (3, 2, 5);
INSERT INTO LAB3PN_ORDER_TICKET(ORDER_ID, CUSTOMER_ORDER_ID, TICKET_ID)
VALUES (4, 3, 1);
